{"0.0": {"validation_a": {"loss": 2.0441741943359375, "accuracy": 0.519641691698387}, "validation_b": {"loss": 5.8353047370910645, "accuracy": 0.1761260704596879}}, "0.05": {"validation_a": {"loss": 2.0581865310668945, "accuracy": 0.5166944346479547}, "validation_b": {"loss": 5.552471160888672, "accuracy": 0.19019507179274542}}, "0.1": {"validation_a": {"loss": 2.0849997997283936, "accuracy": 0.5114025060096398}, "validation_b": {"loss": 5.273660659790039, "accuracy": 0.20713242289912542}}, "0.15": {"validation_a": {"loss": 2.1242823600769043, "accuracy": 0.5037973221126366}, "validation_b": {"loss": 5.000446796417236, "accuracy": 0.2215401151848826}}, "0.2": {"validation_a": {"loss": 2.175588607788086, "accuracy": 0.4942080450125057}, "validation_b": {"loss": 4.7342071533203125, "accuracy": 0.23670409197914807}}, "0.25": {"validation_a": {"loss": 2.2383906841278076, "accuracy": 0.48281161958271007}, "validation_b": {"loss": 4.47616720199585, "accuracy": 0.25309707490398026}}, "0.3": {"validation_a": {"loss": 2.3121254444122314, "accuracy": 0.4702621135284794}, "validation_b": {"loss": 4.227562427520752, "accuracy": 0.2707816679493579}}, "0.35": {"validation_a": {"loss": 2.396212100982666, "accuracy": 0.4565157466749363}, "validation_b": {"loss": 3.9897756576538086, "accuracy": 0.2898511827368278}}, "0.4": {"validation_a": {"loss": 2.4900400638580322, "accuracy": 0.44215868691905125}, "validation_b": {"loss": 3.764411687850952, "accuracy": 0.3103058666315133}}, "0.45": {"validation_a": {"loss": 2.592989206314087, "accuracy": 0.42713215532233156}, "validation_b": {"loss": 3.553292751312256, "accuracy": 0.33223450309895247}}, "0.5": {"validation_a": {"loss": 2.7044594287872314, "accuracy": 0.4108096494748406}, "validation_b": {"loss": 3.358365297317505, "accuracy": 0.3548562154146195}}, "0.55": {"validation_a": {"loss": 2.8238439559936523, "accuracy": 0.3927099928249158}, "validation_b": {"loss": 3.1814920902252197, "accuracy": 0.37700091157483595}}, "0.6": {"validation_a": {"loss": 2.950533866882324, "accuracy": 0.3753096028570618}, "validation_b": {"loss": 3.024271011352539, "accuracy": 0.398385255444515}}, "0.65": {"validation_a": {"loss": 3.084042549133301, "accuracy": 0.35872968579617087}, "validation_b": {"loss": 2.8876540660858154, "accuracy": 0.4182004730102147}}, "0.7": {"validation_a": {"loss": 3.2241413593292236, "accuracy": 0.3426599293841994}, "validation_b": {"loss": 2.7714240550994873, "accuracy": 0.43606518222168994}}, "0.75": {"validation_a": {"loss": 3.370910406112671, "accuracy": 0.32680258789478167}, "validation_b": {"loss": 2.6747920513153076, "accuracy": 0.4521600970440864}}, "0.8": {"validation_a": {"loss": 3.5247018337249756, "accuracy": 0.31104071150891616}, "validation_b": {"loss": 2.596872091293335, "accuracy": 0.46682691116785163}}, "0.85": {"validation_a": {"loss": 3.6860625743865967, "accuracy": 0.2950755410702631}, "validation_b": {"loss": 2.536668539047241, "accuracy": 0.47788494299144346}}, "0.9": {"validation_a": {"loss": 3.855653762817383, "accuracy": 0.279260763639754}, "validation_b": {"loss": 2.493096351623535, "accuracy": 0.4861264411638103}}, "0.95": {"validation_a": {"loss": 4.034205913543701, "accuracy": 0.26319343945972024}, "validation_b": {"loss": 2.4650917053222656, "accuracy": 0.49148221903418965}}, "1.0": {"validation_a": {"loss": 4.222596168518066, "accuracy": 0.24669702902868818}, "validation_b": {"loss": 2.451768159866333, "accuracy": 0.4940861080055909}}}