{"0.0": {"validation_a": {"loss": 1.6868340969085693, "accuracy": 0.5792084706530948}, "validation_b": {"loss": 1.6868340969085693, "accuracy": 0.5792084706530948}}, "0.1": {"validation_a": {"loss": 1.7844303846359253, "accuracy": 0.5579396157884282}, "validation_b": {"loss": 1.7844303846359253, "accuracy": 0.5579396157884282}}, "0.2": {"validation_a": {"loss": 2.1541736125946045, "accuracy": 0.4887274157130291}, "validation_b": {"loss": 2.1541736125946045, "accuracy": 0.4887274157130291}}, "0.3": {"validation_a": {"loss": 3.014011859893799, "accuracy": 0.36027476113455514}, "validation_b": {"loss": 3.014011859893799, "accuracy": 0.36027476113455514}}, "0.4": {"validation_a": {"loss": 4.424685001373291, "accuracy": 0.21050785002857872}, "validation_b": {"loss": 4.424685001373291, "accuracy": 0.21050785002857872}}, "0.5": {"validation_a": {"loss": 5.8495659828186035, "accuracy": 0.1308901563519764}, "validation_b": {"loss": 5.8495659828186035, "accuracy": 0.1308901563519764}}, "0.6": {"validation_a": {"loss": 6.7003984451293945, "accuracy": 0.10241378751211049}, "validation_b": {"loss": 6.7003984451293945, "accuracy": 0.10241378751211049}}, "0.7": {"validation_a": {"loss": 6.714046001434326, "accuracy": 0.10116260686619076}, "validation_b": {"loss": 6.714046001434326, "accuracy": 0.10116260686619076}}, "0.8": {"validation_a": {"loss": 5.989592552185059, "accuracy": 0.12450676363164657}, "validation_b": {"loss": 5.989592552185059, "accuracy": 0.12450676363164657}}, "0.9": {"validation_a": {"loss": 5.336595058441162, "accuracy": 0.16713223639672947}, "validation_b": {"loss": 5.336595058441162, "accuracy": 0.16713223639672947}}, "1.0": {"validation_a": {"loss": 5.257450580596924, "accuracy": 0.17745462874006332}, "validation_b": {"loss": 5.257450580596924, "accuracy": 0.17745462874006332}}}