{"0.01": {"validation_a": {"loss": 2.158442258834839, "accuracy": 0.49696619602978676}, "validation_b": {"loss": 5.163695812225342, "accuracy": 0.20296733705020045}}, "0.21": {"validation_a": {"loss": 3.231794834136963, "accuracy": 0.3341489417764211}, "validation_b": {"loss": 2.951871156692505, "accuracy": 0.41095438583689}}, "0.41": {"validation_a": {"loss": 3.7656052112579346, "accuracy": 0.2811706737687839}, "validation_b": {"loss": 2.592216968536377, "accuracy": 0.46955840618665673}}, "0.61": {"validation_a": {"loss": 4.074028968811035, "accuracy": 0.2579760992674928}, "validation_b": {"loss": 2.4833152294158936, "accuracy": 0.4890373446096099}}, "0.81": {"validation_a": {"loss": 4.203793525695801, "accuracy": 0.2482137283278}, "validation_b": {"loss": 2.4547297954559326, "accuracy": 0.4936453651969846}}, "1.01": {"validation_a": {"loss": 4.222596168518066, "accuracy": 0.24669702902868818}, "validation_b": {"loss": 2.451768159866333, "accuracy": 0.49408610113433743}}}